{"cameraMode":{"drawMode":0,"name":"Shaded","section":"Shading Mode"},"sceneLighting":true,"audioPlay":false,"sceneViewState":{"m_AlwaysRefresh":false,"showFog":true,"showSkybox":true,"showFlares":true,"showImageEffects":true,"showParticleSystems":true,"showVisualEffectGraphs":true,"m_FxEnabled":true},"in2DMode":false,"pivot":{"x":96.09422302246094,"y":92.33931732177735,"z":119.70071411132813},"rotation":{"x":-0.06610043346881867,"y":-0.06969238072633743,"z":0.004638005513697863,"w":-0.9953851699829102},"size":478.57501220703127,"orthographic":false}