{"cameraMode":{"drawMode":0,"name":"Shaded","section":"Shading Mode"},"sceneLighting":true,"audioPlay":false,"sceneViewState":{"m_AlwaysRefresh":false,"showFog":true,"showSkybox":true,"showFlares":true,"showImageEffects":true,"showParticleSystems":true,"showVisualEffectGraphs":true,"m_FxEnabled":true},"in2DMode":false,"pivot":{"x":181.21693420410157,"y":-122.20893096923828,"z":444.2269287109375},"rotation":{"x":-0.08113070577383042,"y":-0.04722849652171135,"z":0.0038501995149999859,"w":-0.9955908060073853},"size":589.4633178710938,"orthographic":false}