{"cameraMode":{"drawMode":0,"name":"Shaded","section":"Shading Mode"},"sceneLighting":true,"audioPlay":false,"sceneViewState":{"m_AlwaysRefresh":false,"showFog":true,"showSkybox":true,"showFlares":true,"showImageEffects":true,"showParticleSystems":true,"showVisualEffectGraphs":true,"m_FxEnabled":true},"in2DMode":false,"pivot":{"x":27.570003509521486,"y":108.2777328491211,"z":242.26779174804688},"rotation":{"x":-0.016805849969387056,"y":0.021594271063804628,"z":-0.0003534623538143933,"w":-0.9996508359909058},"size":469.20562744140627,"orthographic":false}